-- =====================================================
-- QR Service Platform - Seed Data
-- Description: Sample data for development and testing
-- Usage: psql -U postgres -d qr_service_platform -f database/scripts/seed.sql
-- =====================================================

-- Clear existing data (optional - uncomment if needed)
-- TRUNCATE TABLE restaurants CASCADE;

-- =====================================================
-- 1️⃣ SAMPLE RESTAURANT
-- =====================================================

INSERT INTO restaurants (id, name, email, phone, status) VALUES
('11111111-1111-1111-1111-111111111111', 'Nhà Hàng Phố Cổ', 'contact@nhahangphoco.vn', '0901234567', 'active');

-- =====================================================
-- 2️⃣ SUBSCRIPTION
-- =====================================================

INSERT INTO subscriptions (restaurant_id, plan_type, start_date, end_date, auto_renew, status) VALUES
('11111111-1111-1111-1111-111111111111', 'STANDARD', now(), now() + INTERVAL '1 year', TRUE, 'active');

-- =====================================================
-- 3️⃣ BRANCHES
-- =====================================================

INSERT INTO branches (id, restaurant_id, name, address, phone, open_time, close_time, status) VALUES
('22222222-2222-2222-2222-222222222221', '11111111-1111-1111-1111-111111111111', 'Chi nhánh Hoàn Kiếm', '36 Hàng Bạc, Hoàn Kiếm, Hà Nội', '0241234567', '08:00', '22:00', 'active'),
('22222222-2222-2222-2222-222222222222', '11111111-1111-1111-1111-111111111111', 'Chi nhánh Cầu Giấy', '123 Xuân Thủy, Cầu Giấy, Hà Nội', '0241234568', '08:00', '22:00', 'active');

-- =====================================================
-- 4️⃣ USERS
-- =====================================================

-- Password: "password123" (hashed with bcrypt)
-- You should use proper bcrypt hashing in production
INSERT INTO users (id, restaurant_id, branch_id, full_name, email, password_hash, role, status) VALUES
('33333333-3333-3333-3333-333333333331', '11111111-1111-1111-1111-111111111111', NULL, 'Nguyễn Văn A', 'owner@nhahangphoco.vn', '$2b$10$rKvVLZ8Z8Z8Z8Z8Z8Z8Z8uXxXxXxXxXxXxXxXxXxXxXxXxXxXxXxXx', 'Owner', 'active'),
('33333333-3333-3333-3333-333333333332', '11111111-1111-1111-1111-111111111111', '22222222-2222-2222-2222-222222222221', 'Trần Thị B', 'manager.hoankiem@nhahangphoco.vn', '$2b$10$rKvVLZ8Z8Z8Z8Z8Z8Z8Z8uXxXxXxXxXxXxXxXxXxXxXxXxXxXxXxXx', 'Manager', 'active'),
('33333333-3333-3333-3333-333333333333', '11111111-1111-1111-1111-111111111111', '22222222-2222-2222-2222-222222222221', 'Lê Văn C', 'staff1.hoankiem@nhahangphoco.vn', '$2b$10$rKvVLZ8Z8Z8Z8Z8Z8Z8Z8uXxXxXxXxXxXxXxXxXxXxXxXxXxXxXxXx', 'Staff', 'active');

-- =====================================================
-- 5️⃣ AREAS & TABLES
-- =====================================================

-- Areas for Hoàn Kiếm branch
INSERT INTO areas (id, restaurant_id, branch_id, name, sort_order) VALUES
('44444444-4444-4444-4444-444444444441', '11111111-1111-1111-1111-111111111111', '22222222-2222-2222-2222-222222222221', 'Tầng 1 - Main Dining', 1),
('44444444-4444-4444-4444-444444444442', '11111111-1111-1111-1111-111111111111', '22222222-2222-2222-2222-222222222221', 'Tầng 2 - VIP', 2),
('44444444-4444-4444-4444-444444444443', '11111111-1111-1111-1111-111111111111', '22222222-2222-2222-2222-222222222221', 'Sân thượng - Outdoor', 3);

-- Tables for Hoàn Kiếm branch
INSERT INTO tables (id, restaurant_id, branch_id, area_id, name, capacity, status, qr_code_token) VALUES
-- Main Dining
('55555555-5555-5555-5555-555555555551', '11111111-1111-1111-1111-111111111111', '22222222-2222-2222-2222-222222222221', '44444444-4444-4444-4444-444444444441', 'Bàn 1', 2, 'Available', 'qr_table_001'),
('55555555-5555-5555-5555-555555555552', '11111111-1111-1111-1111-111111111111', '22222222-2222-2222-2222-222222222221', '44444444-4444-4444-4444-444444444441', 'Bàn 2', 4, 'Available', 'qr_table_002'),
('55555555-5555-5555-5555-555555555553', '11111111-1111-1111-1111-111111111111', '22222222-2222-2222-2222-222222222221', '44444444-4444-4444-4444-444444444441', 'Bàn 3', 4, 'Available', 'qr_table_003'),
('55555555-5555-5555-5555-555555555554', '11111111-1111-1111-1111-111111111111', '22222222-2222-2222-2222-222222222221', '44444444-4444-4444-4444-444444444441', 'Bàn 4', 6, 'Available', 'qr_table_004'),
-- VIP
('55555555-5555-5555-5555-555555555555', '11111111-1111-1111-1111-111111111111', '22222222-2222-2222-2222-222222222221', '44444444-4444-4444-4444-444444444442', 'VIP 1', 8, 'Available', 'qr_table_vip1'),
('55555555-5555-5555-5555-555555555556', '11111111-1111-1111-1111-111111111111', '22222222-2222-2222-2222-222222222221', '44444444-4444-4444-4444-444444444442', 'VIP 2', 10, 'Available', 'qr_table_vip2'),
-- Outdoor
('55555555-5555-5555-5555-555555555557', '11111111-1111-1111-1111-111111111111', '22222222-2222-2222-2222-222222222221', '44444444-4444-4444-4444-444444444443', 'Outdoor 1', 4, 'Available', 'qr_table_out1'),
('55555555-5555-5555-5555-555555555558', '11111111-1111-1111-1111-111111111111', '22222222-2222-2222-2222-222222222221', '44444444-4444-4444-4444-444444444443', 'Outdoor 2', 4, 'Available', 'qr_table_out2');

-- =====================================================
-- 6️⃣ MENU CATEGORIES
-- =====================================================

INSERT INTO categories (id, restaurant_id, branch_id, name, sort_order) VALUES
('66666666-6666-6666-6666-666666666661', '11111111-1111-1111-1111-111111111111', NULL, 'Khai vị', 1),
('66666666-6666-6666-6666-666666666662', '11111111-1111-1111-1111-111111111111', NULL, 'Món chính', 2),
('66666666-6666-6666-6666-666666666663', '11111111-1111-1111-1111-111111111111', NULL, 'Món tráng miệng', 3),
('66666666-6666-6666-6666-666666666664', '11111111-1111-1111-1111-111111111111', NULL, 'Đồ uống', 4);

-- =====================================================
-- 7️⃣ MENU ITEMS
-- =====================================================

-- Khai vị
INSERT INTO menu_items (id, restaurant_id, branch_id, category_id, name, price, description, sort_order) VALUES
('77777777-7777-7777-7777-777777777771', '11111111-1111-1111-1111-111111111111', NULL, '66666666-6666-6666-6666-666666666661', 'Gỏi cuốn tôm thịt', 45000, 'Gỏi cuốn tươi ngon với tôm và thịt heo', 1),
('77777777-7777-7777-7777-777777777772', '11111111-1111-1111-1111-111111111111', NULL, '66666666-6666-6666-6666-666666666661', 'Nem rán', 50000, 'Nem rán giòn tan, nhân thịt heo và rau củ', 2),
('77777777-7777-7777-7777-777777777773', '11111111-1111-1111-1111-111111111111', NULL, '66666666-6666-6666-6666-666666666661', 'Salad trộn', 55000, 'Salad rau củ tươi với sốt đặc biệt', 3);

-- Món chính
INSERT INTO menu_items (id, restaurant_id, branch_id, category_id, name, price, description, sort_order) VALUES
('77777777-7777-7777-7777-777777777774', '11111111-1111-1111-1111-111111111111', NULL, '66666666-6666-6666-6666-666666666662', 'Phở bò đặc biệt', 85000, 'Phở bò truyền thống Hà Nội với đầy đủ topping', 1),
('77777777-7777-7777-7777-777777777775', '11111111-1111-1111-1111-111111111111', NULL, '66666666-6666-6666-6666-666666666662', 'Bún chả Hà Nội', 75000, 'Bún chả nướng than hoa, nước mắm chua ngọt', 2),
('77777777-7777-7777-7777-777777777776', '11111111-1111-1111-1111-111111111111', NULL, '66666666-6666-6666-6666-666666666662', 'Cơm gà Hải Nam', 80000, 'Cơm gà thơm ngon với nước sốt đặc biệt', 3),
('77777777-7777-7777-7777-777777777777', '11111111-1111-1111-1111-111111111111', NULL, '66666666-6666-6666-6666-666666666662', 'Bò lúc lắc', 120000, 'Bò Úc lúc lắc với khoai tây chiên', 4);

-- Tráng miệng
INSERT INTO menu_items (id, restaurant_id, branch_id, category_id, name, price, description, sort_order) VALUES
('77777777-7777-7777-7777-777777777778', '11111111-1111-1111-1111-111111111111', NULL, '66666666-6666-6666-6666-666666666663', 'Chè ba màu', 30000, 'Chè truyền thống với đậu đỏ, đậu xanh, thạch', 1),
('77777777-7777-7777-7777-777777777779', '11111111-1111-1111-1111-111111111111', NULL, '66666666-6666-6666-6666-666666666663', 'Kem chiên', 35000, 'Kem chiên giòn tan, kem mát lạnh bên trong', 2);

-- Đồ uống
INSERT INTO menu_items (id, restaurant_id, branch_id, category_id, name, price, description, sort_order) VALUES
('77777777-7777-7777-7777-777777777780', '11111111-1111-1111-1111-111111111111', NULL, '66666666-6666-6666-6666-666666666664', 'Cà phê sữa đá', 25000, 'Cà phê phin truyền thống', 1),
('77777777-7777-7777-7777-777777777781', '11111111-1111-1111-1111-111111111111', NULL, '66666666-6666-6666-6666-666666666664', 'Trà đá', 10000, 'Trà đá miễn phí khi gọi món', 2),
('77777777-7777-7777-7777-777777777782', '11111111-1111-1111-1111-111111111111', NULL, '66666666-6666-6666-6666-666666666664', 'Nước chanh', 20000, 'Nước chanh tươi mát lạnh', 3),
('77777777-7777-7777-7777-777777777783', '11111111-1111-1111-1111-111111111111', NULL, '66666666-6666-6666-6666-666666666664', 'Sinh tố bơ', 35000, 'Sinh tố bơ sánh mịn', 4);

-- =====================================================
-- 8️⃣ CUSTOMIZATION GROUPS
-- =====================================================

INSERT INTO customization_groups (id, restaurant_id, name, min_select, max_select, is_required) VALUES
('88888888-8888-8888-8888-888888888881', '11111111-1111-1111-1111-111111111111', 'Kích cỡ', 1, 1, TRUE),
('88888888-8888-8888-8888-888888888882', '11111111-1111-1111-1111-111111111111', 'Độ cay', 1, 1, FALSE),
('88888888-8888-8888-8888-888888888883', '11111111-1111-1111-1111-111111111111', 'Topping thêm', 0, 5, FALSE);

-- =====================================================
-- 9️⃣ CUSTOMIZATION OPTIONS
-- =====================================================

-- Kích cỡ
INSERT INTO customization_options (id, group_id, name, price_delta, sort_order) VALUES
('99999999-9999-9999-9999-999999999991', '88888888-8888-8888-8888-888888888881', 'Nhỏ', -10000, 1),
('99999999-9999-9999-9999-999999999992', '88888888-8888-8888-8888-888888888881', 'Vừa', 0, 2),
('99999999-9999-9999-9999-999999999993', '88888888-8888-8888-8888-888888888881', 'Lớn', 15000, 3);

-- Độ cay
INSERT INTO customization_options (id, group_id, name, price_delta, sort_order) VALUES
('99999999-9999-9999-9999-999999999994', '88888888-8888-8888-8888-888888888882', 'Không cay', 0, 1),
('99999999-9999-9999-9999-999999999995', '88888888-8888-8888-8888-888888888882', 'Cay vừa', 0, 2),
('99999999-9999-9999-9999-999999999996', '88888888-8888-8888-8888-888888888882', 'Cay nhiều', 0, 3);

-- Topping
INSERT INTO customization_options (id, group_id, name, price_delta, sort_order) VALUES
('99999999-9999-9999-9999-999999999997', '88888888-8888-8888-8888-888888888883', 'Thêm trứng', 10000, 1),
('99999999-9999-9999-9999-999999999998', '88888888-8888-8888-8888-888888888883', 'Thêm thịt', 20000, 2),
('99999999-9999-9999-9999-999999999999', '88888888-8888-8888-8888-888888888883', 'Thêm rau', 5000, 3);

-- =====================================================
-- 🔟 LINK CUSTOMIZATIONS TO MENU ITEMS
-- =====================================================

-- Phở bò có thể chọn size và độ cay
INSERT INTO item_customizations (menu_item_id, group_id) VALUES
('77777777-7777-7777-7777-777777777774', '88888888-8888-8888-8888-888888888881'),
('77777777-7777-7777-7777-777777777774', '88888888-8888-8888-8888-888888888882'),
('77777777-7777-7777-7777-777777777774', '88888888-8888-8888-8888-888888888883');

-- Bún chả có thể chọn size
INSERT INTO item_customizations (menu_item_id, group_id) VALUES
('77777777-7777-7777-7777-777777777775', '88888888-8888-8888-8888-888888888881');

-- =====================================================
-- Summary
-- =====================================================

SELECT 
    'Seed data inserted successfully!' as message,
    (SELECT COUNT(*) FROM restaurants) as restaurants,
    (SELECT COUNT(*) FROM branches) as branches,
    (SELECT COUNT(*) FROM users) as users,
    (SELECT COUNT(*) FROM tables) as tables,
    (SELECT COUNT(*) FROM categories) as categories,
    (SELECT COUNT(*) FROM menu_items) as menu_items;
